timestamp,node,layer,metric,value,details_json
2025-11-20T15:06:51.466385Z,s1,dataplane,icmp_avg_ms,0.163,"{""ok"": true, ""avg_ms"": 0.163, ""jitter_ms"": 0.09413819628609844, ""loss_pct"": 0.0, ""samples"": [0.244, 0.214, 0.031], ""error"": """"}"
2025-11-20T15:06:51.466385Z,s1,dataplane,icmp_loss_pct,0.0,"{""ok"": true, ""avg_ms"": 0.163, ""jitter_ms"": 0.09413819628609844, ""loss_pct"": 0.0, ""samples"": [0.244, 0.214, 0.031], ""error"": """"}"
2025-11-20T15:06:51.466385Z,s1,dataplane,tcp_avg_ms,nan,"{""ok"": false, ""avg_ms"": NaN, ""jitter_ms"": 0.0, ""success_rate_pct"": 0.0}"
2025-11-20T15:06:51.466385Z,s1,dataplane,tcp_success_pct,0.0,"{""ok"": false, ""avg_ms"": NaN, ""jitter_ms"": 0.0, ""success_rate_pct"": 0.0}"
2025-11-20T15:06:51.466385Z,s1,dataplane,udp_avg_ms,10.934778000167475,"{""ok"": true, ""avg_ms"": 10.934778000167475, ""jitter_ms"": 5.947289721699684}"
2025-11-20T15:06:51.466385Z,c1,dataplane,icmp_avg_ms,0.064,"{""ok"": true, ""avg_ms"": 0.064, ""jitter_ms"": 0.05760208329565867, ""loss_pct"": 0.0, ""samples"": [0.145, 0.031, 0.016], ""error"": """"}"
2025-11-20T15:06:51.466385Z,c1,dataplane,icmp_loss_pct,0.0,"{""ok"": true, ""avg_ms"": 0.064, ""jitter_ms"": 0.05760208329565867, ""loss_pct"": 0.0, ""samples"": [0.145, 0.031, 0.016], ""error"": """"}"
2025-11-20T15:06:51.466385Z,c1,dataplane,tcp_avg_ms,nan,"{""ok"": false, ""avg_ms"": NaN, ""jitter_ms"": 0.0, ""success_rate_pct"": 0.0}"
2025-11-20T15:06:51.466385Z,c1,dataplane,tcp_success_pct,0.0,"{""ok"": false, ""avg_ms"": NaN, ""jitter_ms"": 0.0, ""success_rate_pct"": 0.0}"
2025-11-20T15:06:51.466385Z,c1,dataplane,udp_avg_ms,10.178984000200822,"{""ok"": true, ""avg_ms"": 10.178984000200822, ""jitter_ms"": 5.823027960685526}"
2025-11-20T15:06:51.466385Z,h1,dataplane,icmp_avg_ms,0.07733333333333334,"{""ok"": true, ""avg_ms"": 0.07733333333333334, ""jitter_ms"": 0.02953340857778225, ""loss_pct"": 0.0, ""samples"": [0.119, 0.059, 0.054], ""error"": """"}"
2025-11-20T15:06:51.466385Z,h1,dataplane,icmp_loss_pct,0.0,"{""ok"": true, ""avg_ms"": 0.07733333333333334, ""jitter_ms"": 0.02953340857778225, ""loss_pct"": 0.0, ""samples"": [0.119, 0.059, 0.054], ""error"": """"}"
2025-11-20T15:06:51.466385Z,h1,dataplane,tcp_avg_ms,nan,"{""ok"": false, ""avg_ms"": NaN, ""jitter_ms"": 0.0, ""success_rate_pct"": 0.0}"
2025-11-20T15:06:51.466385Z,h1,dataplane,tcp_success_pct,0.0,"{""ok"": false, ""avg_ms"": NaN, ""jitter_ms"": 0.0, ""success_rate_pct"": 0.0}"
2025-11-20T15:06:51.466385Z,h1,dataplane,udp_avg_ms,9.529204333224092,"{""ok"": true, ""avg_ms"": 9.529204333224092, ""jitter_ms"": 5.469662397497431}"
2025-11-20T15:06:51.466385Z,h2,dataplane,icmp_avg_ms,0.079,"{""ok"": true, ""avg_ms"": 0.079, ""jitter_ms"": 0.04842175819470691, ""loss_pct"": 0.0, ""samples"": [0.038, 0.147, 0.052], ""error"": """"}"
2025-11-20T15:06:51.466385Z,h2,dataplane,icmp_loss_pct,0.0,"{""ok"": true, ""avg_ms"": 0.079, ""jitter_ms"": 0.04842175819470691, ""loss_pct"": 0.0, ""samples"": [0.038, 0.147, 0.052], ""error"": """"}"
2025-11-20T15:06:51.466385Z,h2,dataplane,tcp_avg_ms,nan,"{""ok"": false, ""avg_ms"": NaN, ""jitter_ms"": 0.0, ""success_rate_pct"": 0.0}"
2025-11-20T15:06:51.466385Z,h2,dataplane,tcp_success_pct,0.0,"{""ok"": false, ""avg_ms"": NaN, ""jitter_ms"": 0.0, ""success_rate_pct"": 0.0}"
2025-11-20T15:06:51.466385Z,h2,dataplane,udp_avg_ms,5.579119000231003,"{""ok"": true, ""avg_ms"": 5.579119000231003, ""jitter_ms"": 2.308406305096566}"
2025-11-20T15:06:51.466385Z,c1,control,controller_data,1,"{""error"": ""aiohttp missing: No module named 'aiohttp'""}"
2025-11-20T15:06:51.466385Z,h1->h2,dataplane,throughput_error,,"{""error"": ""iperf3 module missing""}"
2025-11-20T15:06:58.562956Z,s1,dataplane,icmp_avg_ms,0.03866666666666667,"{""ok"": true, ""avg_ms"": 0.03866666666666667, ""jitter_ms"": 0.020368821489936254, ""loss_pct"": 0.0, ""samples"": [0.067, 0.02, 0.029], ""error"": """"}"
2025-11-20T15:06:58.562956Z,s1,dataplane,icmp_loss_pct,0.0,"{""ok"": true, ""avg_ms"": 0.03866666666666667, ""jitter_ms"": 0.020368821489936254, ""loss_pct"": 0.0, ""samples"": [0.067, 0.02, 0.029], ""error"": """"}"
2025-11-20T15:06:58.562956Z,s1,dataplane,tcp_avg_ms,nan,"{""ok"": false, ""avg_ms"": NaN, ""jitter_ms"": 0.0, ""success_rate_pct"": 0.0}"
2025-11-20T15:06:58.562956Z,s1,dataplane,tcp_success_pct,0.0,"{""ok"": false, ""avg_ms"": NaN, ""jitter_ms"": 0.0, ""success_rate_pct"": 0.0}"
2025-11-20T15:06:58.562956Z,s1,dataplane,udp_avg_ms,5.139059666665465,"{""ok"": true, ""avg_ms"": 5.139059666665465, ""jitter_ms"": 2.1230011021460755}"
2025-11-20T15:06:58.562956Z,c1,dataplane,icmp_avg_ms,0.047,"{""ok"": true, ""avg_ms"": 0.047, ""jitter_ms"": 0.007257180352359081, ""loss_pct"": 0.0, ""samples"": [0.054, 0.037, 0.05], ""error"": """"}"
2025-11-20T15:06:58.562956Z,c1,dataplane,icmp_loss_pct,0.0,"{""ok"": true, ""avg_ms"": 0.047, ""jitter_ms"": 0.007257180352359081, ""loss_pct"": 0.0, ""samples"": [0.054, 0.037, 0.05], ""error"": """"}"
2025-11-20T15:06:58.562956Z,c1,dataplane,tcp_avg_ms,nan,"{""ok"": false, ""avg_ms"": NaN, ""jitter_ms"": 0.0, ""success_rate_pct"": 0.0}"
2025-11-20T15:06:58.562956Z,c1,dataplane,tcp_success_pct,0.0,"{""ok"": false, ""avg_ms"": NaN, ""jitter_ms"": 0.0, ""success_rate_pct"": 0.0}"
2025-11-20T15:06:58.562956Z,c1,dataplane,udp_avg_ms,4.301952666537545,"{""ok"": true, ""avg_ms"": 4.301952666537545, ""jitter_ms"": 0.9493219367041293}"
2025-11-20T15:06:58.562956Z,h1,dataplane,icmp_avg_ms,0.028999999999999998,"{""ok"": true, ""avg_ms"": 0.028999999999999998, ""jitter_ms"": 0.011343133018115703, ""loss_pct"": 0.0, ""samples"": [0.045, 0.02, 0.022], ""error"": """"}"
2025-11-20T15:06:58.562956Z,h1,dataplane,icmp_loss_pct,0.0,"{""ok"": true, ""avg_ms"": 0.028999999999999998, ""jitter_ms"": 0.011343133018115703, ""loss_pct"": 0.0, ""samples"": [0.045, 0.02, 0.022], ""error"": """"}"
2025-11-20T15:06:58.562956Z,h1,dataplane,tcp_avg_ms,nan,"{""ok"": false, ""avg_ms"": NaN, ""jitter_ms"": 0.0, ""success_rate_pct"": 0.0}"
2025-11-20T15:06:58.562956Z,h1,dataplane,tcp_success_pct,0.0,"{""ok"": false, ""avg_ms"": NaN, ""jitter_ms"": 0.0, ""success_rate_pct"": 0.0}"
2025-11-20T15:06:58.562956Z,h1,dataplane,udp_avg_ms,3.679328333267525,"{""ok"": true, ""avg_ms"": 3.679328333267525, ""jitter_ms"": 0.29740134641415084}"
2025-11-20T15:06:58.562956Z,h2,dataplane,icmp_avg_ms,0.041999999999999996,"{""ok"": true, ""avg_ms"": 0.041999999999999996, ""jitter_ms"": 0.015769168230019826, ""loss_pct"": 0.0, ""samples"": [0.046, 0.059, 0.021], ""error"": """"}"
2025-11-20T15:06:58.562956Z,h2,dataplane,icmp_loss_pct,0.0,"{""ok"": true, ""avg_ms"": 0.041999999999999996, ""jitter_ms"": 0.015769168230019826, ""loss_pct"": 0.0, ""samples"": [0.046, 0.059, 0.021], ""error"": """"}"
2025-11-20T15:06:58.562956Z,h2,dataplane,tcp_avg_ms,nan,"{""ok"": false, ""avg_ms"": NaN, ""jitter_ms"": 0.0, ""success_rate_pct"": 0.0}"
2025-11-20T15:06:58.562956Z,h2,dataplane,tcp_success_pct,0.0,"{""ok"": false, ""avg_ms"": NaN, ""jitter_ms"": 0.0, ""success_rate_pct"": 0.0}"
2025-11-20T15:06:58.562956Z,h2,dataplane,udp_avg_ms,3.0879459997474137,"{""ok"": true, ""avg_ms"": 3.0879459997474137, ""jitter_ms"": 1.7911747711510433}"
2025-11-20T15:06:58.562956Z,c1,control,controller_data,1,"{""error"": ""aiohttp missing: No module named 'aiohttp'""}"
2025-11-20T15:06:58.562956Z,h1->h2,dataplane,throughput_error,,"{""error"": ""iperf3 module missing""}"
2025-11-20T15:07:05.732974Z,s1,dataplane,icmp_avg_ms,0.04933333333333333,"{""ok"": true, ""avg_ms"": 0.04933333333333333, ""jitter_ms"": 0.041683996396165705, ""loss_pct"": 0.0, ""samples"": [0.108, 0.025, 0.015], ""error"": """"}"
2025-11-20T15:07:05.732974Z,s1,dataplane,icmp_loss_pct,0.0,"{""ok"": true, ""avg_ms"": 0.04933333333333333, ""jitter_ms"": 0.041683996396165705, ""loss_pct"": 0.0, ""samples"": [0.108, 0.025, 0.015], ""error"": """"}"
2025-11-20T15:07:05.732974Z,s1,dataplane,tcp_avg_ms,nan,"{""ok"": false, ""avg_ms"": NaN, ""jitter_ms"": 0.0, ""success_rate_pct"": 0.0}"
2025-11-20T15:07:05.732974Z,s1,dataplane,tcp_success_pct,0.0,"{""ok"": false, ""avg_ms"": NaN, ""jitter_ms"": 0.0, ""success_rate_pct"": 0.0}"
2025-11-20T15:07:05.732974Z,s1,dataplane,udp_avg_ms,10.914380333360896,"{""ok"": true, ""avg_ms"": 10.914380333360896, ""jitter_ms"": 7.906945099646421}"
2025-11-20T15:07:05.732974Z,c1,dataplane,icmp_avg_ms,0.13933333333333334,"{""ok"": true, ""avg_ms"": 0.13933333333333334, ""jitter_ms"": 0.13530541583970523, ""loss_pct"": 0.0, ""samples"": [0.058, 0.03, 0.33], ""error"": """"}"
2025-11-20T15:07:05.732974Z,c1,dataplane,icmp_loss_pct,0.0,"{""ok"": true, ""avg_ms"": 0.13933333333333334, ""jitter_ms"": 0.13530541583970523, ""loss_pct"": 0.0, ""samples"": [0.058, 0.03, 0.33], ""error"": """"}"
2025-11-20T15:07:05.732974Z,c1,dataplane,tcp_avg_ms,nan,"{""ok"": false, ""avg_ms"": NaN, ""jitter_ms"": 0.0, ""success_rate_pct"": 0.0}"
2025-11-20T15:07:05.732974Z,c1,dataplane,tcp_success_pct,0.0,"{""ok"": false, ""avg_ms"": NaN, ""jitter_ms"": 0.0, ""success_rate_pct"": 0.0}"
2025-11-20T15:07:05.732974Z,c1,dataplane,udp_avg_ms,10.280517666766778,"{""ok"": true, ""avg_ms"": 10.280517666766778, ""jitter_ms"": 7.027487901254151}"
2025-11-20T15:07:05.732974Z,h1,dataplane,icmp_avg_ms,0.2703333333333333,"{""ok"": true, ""avg_ms"": 0.2703333333333333, ""jitter_ms"": 0.22194493811654176, ""loss_pct"": 0.0, ""samples"": [0.191, 0.573, 0.047], ""error"": """"}"
2025-11-20T15:07:05.732974Z,h1,dataplane,icmp_loss_pct,0.0,"{""ok"": true, ""avg_ms"": 0.2703333333333333, ""jitter_ms"": 0.22194493811654176, ""loss_pct"": 0.0, ""samples"": [0.191, 0.573, 0.047], ""error"": """"}"
2025-11-20T15:07:05.732974Z,h1,dataplane,tcp_avg_ms,nan,"{""ok"": false, ""avg_ms"": NaN, ""jitter_ms"": 0.0, ""success_rate_pct"": 0.0}"
2025-11-20T15:07:05.732974Z,h1,dataplane,tcp_success_pct,0.0,"{""ok"": false, ""avg_ms"": NaN, ""jitter_ms"": 0.0, ""success_rate_pct"": 0.0}"
2025-11-20T15:07:05.732974Z,h1,dataplane,udp_avg_ms,9.02514866659961,"{""ok"": true, ""avg_ms"": 9.02514866659961, ""jitter_ms"": 5.4769082470008374}"
2025-11-20T15:07:05.732974Z,h2,dataplane,icmp_avg_ms,0.06033333333333333,"{""ok"": true, ""avg_ms"": 0.06033333333333333, ""jitter_ms"": 0.00910433352249844, ""loss_pct"": 0.0, ""samples"": [0.073, 0.056, 0.052], ""error"": """"}"
2025-11-20T15:07:05.732974Z,h2,dataplane,icmp_loss_pct,0.0,"{""ok"": true, ""avg_ms"": 0.06033333333333333, ""jitter_ms"": 0.00910433352249844, ""loss_pct"": 0.0, ""samples"": [0.073, 0.056, 0.052], ""error"": """"}"
2025-11-20T15:07:05.732974Z,h2,dataplane,tcp_avg_ms,nan,"{""ok"": false, ""avg_ms"": NaN, ""jitter_ms"": 0.0, ""success_rate_pct"": 0.0}"
2025-11-20T15:07:05.732974Z,h2,dataplane,tcp_success_pct,0.0,"{""ok"": false, ""avg_ms"": NaN, ""jitter_ms"": 0.0, ""success_rate_pct"": 0.0}"
2025-11-20T15:07:05.732974Z,h2,dataplane,udp_avg_ms,7.151970999984769,"{""ok"": true, ""avg_ms"": 7.151970999984769, ""jitter_ms"": 3.748261313432559}"
2025-11-20T15:07:05.732974Z,c1,control,controller_data,1,"{""error"": ""aiohttp missing: No module named 'aiohttp'""}"
2025-11-20T15:07:05.732974Z,h1->h2,dataplane,throughput_error,,"{""error"": ""iperf3 module missing""}"
2025-11-20T15:07:12.893698Z,s1,dataplane,icmp_avg_ms,0.028,"{""ok"": true, ""avg_ms"": 0.028, ""jitter_ms"": 0.014719601443879746, ""loss_pct"": 0.0, ""samples"": [0.048, 0.013, 0.023], ""error"": """"}"
2025-11-20T15:07:12.893698Z,s1,dataplane,icmp_loss_pct,0.0,"{""ok"": true, ""avg_ms"": 0.028, ""jitter_ms"": 0.014719601443879746, ""loss_pct"": 0.0, ""samples"": [0.048, 0.013, 0.023], ""error"": """"}"
2025-11-20T15:07:12.893698Z,s1,dataplane,tcp_avg_ms,nan,"{""ok"": false, ""avg_ms"": NaN, ""jitter_ms"": 0.0, ""success_rate_pct"": 0.0}"
2025-11-20T15:07:12.893698Z,s1,dataplane,tcp_success_pct,0.0,"{""ok"": false, ""avg_ms"": NaN, ""jitter_ms"": 0.0, ""success_rate_pct"": 0.0}"
2025-11-20T15:07:12.893698Z,s1,dataplane,udp_avg_ms,3.574113999851155,"{""ok"": true, ""avg_ms"": 3.574113999851155, ""jitter_ms"": 2.302716967038254}"
2025-11-20T15:07:12.893698Z,c1,dataplane,icmp_avg_ms,0.035,"{""ok"": true, ""avg_ms"": 0.035, ""jitter_ms"": 0.011224972160321825, ""loss_pct"": 0.0, ""samples"": [0.032, 0.023, 0.05], ""error"": """"}"
2025-11-20T15:07:12.893698Z,c1,dataplane,icmp_loss_pct,0.0,"{""ok"": true, ""avg_ms"": 0.035, ""jitter_ms"": 0.011224972160321825, ""loss_pct"": 0.0, ""samples"": [0.032, 0.023, 0.05], ""error"": """"}"
2025-11-20T15:07:12.893698Z,c1,dataplane,tcp_avg_ms,nan,"{""ok"": false, ""avg_ms"": NaN, ""jitter_ms"": 0.0, ""success_rate_pct"": 0.0}"
2025-11-20T15:07:12.893698Z,c1,dataplane,tcp_success_pct,0.0,"{""ok"": false, ""avg_ms"": NaN, ""jitter_ms"": 0.0, ""success_rate_pct"": 0.0}"
2025-11-20T15:07:12.893698Z,c1,dataplane,udp_avg_ms,3.804479333515095,"{""ok"": true, ""avg_ms"": 3.804479333515095, ""jitter_ms"": 2.1194449155399147}"
2025-11-20T15:07:12.893698Z,h1,dataplane,icmp_avg_ms,0.044,"{""ok"": true, ""avg_ms"": 0.044, ""jitter_ms"": 0.009899494936611665, ""loss_pct"": 0.0, ""samples"": [0.03, 0.051, 0.051], ""error"": """"}"
2025-11-20T15:07:12.893698Z,h1,dataplane,icmp_loss_pct,0.0,"{""ok"": true, ""avg_ms"": 0.044, ""jitter_ms"": 0.009899494936611665, ""loss_pct"": 0.0, ""samples"": [0.03, 0.051, 0.051], ""error"": """"}"
2025-11-20T15:07:12.893698Z,h1,dataplane,tcp_avg_ms,nan,"{""ok"": false, ""avg_ms"": NaN, ""jitter_ms"": 0.0, ""success_rate_pct"": 0.0}"
2025-11-20T15:07:12.893698Z,h1,dataplane,tcp_success_pct,0.0,"{""ok"": false, ""avg_ms"": NaN, ""jitter_ms"": 0.0, ""success_rate_pct"": 0.0}"
2025-11-20T15:07:12.893698Z,h1,dataplane,udp_avg_ms,3.1128150000464907,"{""ok"": true, ""avg_ms"": 3.1128150000464907, ""jitter_ms"": 1.5100694017039342}"
2025-11-20T15:07:12.893698Z,h2,dataplane,icmp_avg_ms,0.03766666666666667,"{""ok"": true, ""avg_ms"": 0.03766666666666667, ""jitter_ms"": 0.00880656320908194, ""loss_pct"": 0.0, ""samples"": [0.033, 0.05, 0.03], ""error"": """"}"
2025-11-20T15:07:12.893698Z,h2,dataplane,icmp_loss_pct,0.0,"{""ok"": true, ""avg_ms"": 0.03766666666666667, ""jitter_ms"": 0.00880656320908194, ""loss_pct"": 0.0, ""samples"": [0.033, 0.05, 0.03], ""error"": """"}"
2025-11-20T15:07:12.893698Z,h2,dataplane,tcp_avg_ms,nan,"{""ok"": false, ""avg_ms"": NaN, ""jitter_ms"": 0.0, ""success_rate_pct"": 0.0}"
2025-11-20T15:07:12.893698Z,h2,dataplane,tcp_success_pct,0.0,"{""ok"": false, ""avg_ms"": NaN, ""jitter_ms"": 0.0, ""success_rate_pct"": 0.0}"
2025-11-20T15:07:12.893698Z,h2,dataplane,udp_avg_ms,2.1888943333578936,"{""ok"": true, ""avg_ms"": 2.1888943333578936, ""jitter_ms"": 1.2215431105256227}"
2025-11-20T15:07:12.893698Z,c1,control,controller_data,1,"{""error"": ""aiohttp missing: No module named 'aiohttp'""}"
2025-11-20T15:07:12.893698Z,h1->h2,dataplane,throughput_error,,"{""error"": ""iperf3 module missing""}"
2025-11-20T15:07:20.060769Z,s1,dataplane,icmp_avg_ms,0.035666666666666666,"{""ok"": true, ""avg_ms"": 0.035666666666666666, ""jitter_ms"": 0.019938795238317573, ""loss_pct"": 0.0, ""samples"": [0.063, 0.016, 0.028], ""error"": """"}"
2025-11-20T15:07:20.060769Z,s1,dataplane,icmp_loss_pct,0.0,"{""ok"": true, ""avg_ms"": 0.035666666666666666, ""jitter_ms"": 0.019938795238317573, ""loss_pct"": 0.0, ""samples"": [0.063, 0.016, 0.028], ""error"": """"}"
2025-11-20T15:07:20.060769Z,s1,dataplane,tcp_avg_ms,nan,"{""ok"": false, ""avg_ms"": NaN, ""jitter_ms"": 0.0, ""success_rate_pct"": 0.0}"
2025-11-20T15:07:20.060769Z,s1,dataplane,tcp_success_pct,0.0,"{""ok"": false, ""avg_ms"": NaN, ""jitter_ms"": 0.0, ""success_rate_pct"": 0.0}"
2025-11-20T15:07:20.060769Z,s1,dataplane,udp_avg_ms,3.9729729999938477,"{""ok"": true, ""avg_ms"": 3.9729729999938477, ""jitter_ms"": 4.020632725478591}"
2025-11-20T15:07:20.060769Z,c1,dataplane,icmp_avg_ms,0.16733333333333333,"{""ok"": true, ""avg_ms"": 0.16733333333333333, ""jitter_ms"": 0.1659424264282311, ""loss_pct"": 0.0, ""samples"": [0.402, 0.048, 0.052], ""error"": """"}"
2025-11-20T15:07:20.060769Z,c1,dataplane,icmp_loss_pct,0.0,"{""ok"": true, ""avg_ms"": 0.16733333333333333, ""jitter_ms"": 0.1659424264282311, ""loss_pct"": 0.0, ""samples"": [0.402, 0.048, 0.052], ""error"": """"}"
2025-11-20T15:07:20.060769Z,c1,dataplane,tcp_avg_ms,nan,"{""ok"": false, ""avg_ms"": NaN, ""jitter_ms"": 0.0, ""success_rate_pct"": 0.0}"
2025-11-20T15:07:20.060769Z,c1,dataplane,tcp_success_pct,0.0,"{""ok"": false, ""avg_ms"": NaN, ""jitter_ms"": 0.0, ""success_rate_pct"": 0.0}"
2025-11-20T15:07:20.060769Z,c1,dataplane,udp_avg_ms,2.7400720002030234,"{""ok"": true, ""avg_ms"": 2.7400720002030234, ""jitter_ms"": 2.2816349265674223}"
2025-11-20T15:07:20.060769Z,h1,dataplane,icmp_avg_ms,0.053,"{""ok"": true, ""avg_ms"": 0.053, ""jitter_ms"": 0.0014142135623730963, ""loss_pct"": 0.0, ""samples"": [0.054, 0.051, 0.054], ""error"": """"}"
2025-11-20T15:07:20.060769Z,h1,dataplane,icmp_loss_pct,0.0,"{""ok"": true, ""avg_ms"": 0.053, ""jitter_ms"": 0.0014142135623730963, ""loss_pct"": 0.0, ""samples"": [0.054, 0.051, 0.054], ""error"": """"}"
2025-11-20T15:07:20.060769Z,h1,dataplane,tcp_avg_ms,nan,"{""ok"": false, ""avg_ms"": NaN, ""jitter_ms"": 0.0, ""success_rate_pct"": 0.0}"
2025-11-20T15:07:20.060769Z,h1,dataplane,tcp_success_pct,0.0,"{""ok"": false, ""avg_ms"": NaN, ""jitter_ms"": 0.0, ""success_rate_pct"": 0.0}"
2025-11-20T15:07:20.060769Z,h1,dataplane,udp_avg_ms,2.4566776666385217,"{""ok"": true, ""avg_ms"": 2.4566776666385217, ""jitter_ms"": 1.3039533491751405}"
2025-11-20T15:07:20.060769Z,h2,dataplane,icmp_avg_ms,0.08266666666666667,"{""ok"": true, ""avg_ms"": 0.08266666666666667, ""jitter_ms"": 0.037142368739157654, ""loss_pct"": 0.0, ""samples"": [0.032, 0.096, 0.12], ""error"": """"}"
2025-11-20T15:07:20.060769Z,h2,dataplane,icmp_loss_pct,0.0,"{""ok"": true, ""avg_ms"": 0.08266666666666667, ""jitter_ms"": 0.037142368739157654, ""loss_pct"": 0.0, ""samples"": [0.032, 0.096, 0.12], ""error"": """"}"
2025-11-20T15:07:20.060769Z,h2,dataplane,tcp_avg_ms,nan,"{""ok"": false, ""avg_ms"": NaN, ""jitter_ms"": 0.0, ""success_rate_pct"": 0.0}"
2025-11-20T15:07:20.060769Z,h2,dataplane,tcp_success_pct,0.0,"{""ok"": false, ""avg_ms"": NaN, ""jitter_ms"": 0.0, ""success_rate_pct"": 0.0}"
2025-11-20T15:07:20.060769Z,h2,dataplane,udp_avg_ms,1.8170623332783482,"{""ok"": true, ""avg_ms"": 1.8170623332783482, ""jitter_ms"": 0.2935190353666437}"
2025-11-20T15:07:20.060769Z,c1,control,controller_data,1,"{""error"": ""aiohttp missing: No module named 'aiohttp'""}"
2025-11-20T15:07:20.060769Z,h1->h2,dataplane,throughput_error,,"{""error"": ""iperf3 module missing""}"
2025-11-20T15:07:27.203405Z,s1,dataplane,icmp_avg_ms,0.08566666666666667,"{""ok"": true, ""avg_ms"": 0.08566666666666667, ""jitter_ms"": 0.08070660168508867, ""loss_pct"": 0.0, ""samples"": [0.198, 0.012, 0.047], ""error"": """"}"
2025-11-20T15:07:27.203405Z,s1,dataplane,icmp_loss_pct,0.0,"{""ok"": true, ""avg_ms"": 0.08566666666666667, ""jitter_ms"": 0.08070660168508867, ""loss_pct"": 0.0, ""samples"": [0.198, 0.012, 0.047], ""error"": """"}"
2025-11-20T15:07:27.203405Z,s1,dataplane,tcp_avg_ms,nan,"{""ok"": false, ""avg_ms"": NaN, ""jitter_ms"": 0.0, ""success_rate_pct"": 0.0}"
2025-11-20T15:07:27.203405Z,s1,dataplane,tcp_success_pct,0.0,"{""ok"": false, ""avg_ms"": NaN, ""jitter_ms"": 0.0, ""success_rate_pct"": 0.0}"
2025-11-20T15:07:27.203405Z,s1,dataplane,udp_avg_ms,4.722673666492483,"{""ok"": true, ""avg_ms"": 4.722673666492483, ""jitter_ms"": 3.230606445194817}"
2025-11-20T15:07:27.203405Z,c1,dataplane,icmp_avg_ms,0.058333333333333334,"{""ok"": true, ""avg_ms"": 0.058333333333333334, ""jitter_ms"": 0.02688659310676771, ""loss_pct"": 0.0, ""samples"": [0.035, 0.044, 0.096], ""error"": """"}"
2025-11-20T15:07:27.203405Z,c1,dataplane,icmp_loss_pct,0.0,"{""ok"": true, ""avg_ms"": 0.058333333333333334, ""jitter_ms"": 0.02688659310676771, ""loss_pct"": 0.0, ""samples"": [0.035, 0.044, 0.096], ""error"": """"}"
2025-11-20T15:07:27.203405Z,c1,dataplane,tcp_avg_ms,nan,"{""ok"": false, ""avg_ms"": NaN, ""jitter_ms"": 0.0, ""success_rate_pct"": 0.0}"
2025-11-20T15:07:27.203405Z,c1,dataplane,tcp_success_pct,0.0,"{""ok"": false, ""avg_ms"": NaN, ""jitter_ms"": 0.0, ""success_rate_pct"": 0.0}"
2025-11-20T15:07:27.203405Z,c1,dataplane,udp_avg_ms,3.535573666643662,"{""ok"": true, ""avg_ms"": 3.535573666643662, ""jitter_ms"": 1.65665054485171}"
2025-11-20T15:07:27.203405Z,h1,dataplane,icmp_avg_ms,0.029666666666666668,"{""ok"": true, ""avg_ms"": 0.029666666666666668, ""jitter_ms"": 0.006548960901462834, ""loss_pct"": 0.0, ""samples"": [0.038, 0.022, 0.029], ""error"": """"}"
2025-11-20T15:07:27.203405Z,h1,dataplane,icmp_loss_pct,0.0,"{""ok"": true, ""avg_ms"": 0.029666666666666668, ""jitter_ms"": 0.006548960901462834, ""loss_pct"": 0.0, ""samples"": [0.038, 0.022, 0.029], ""error"": """"}"
2025-11-20T15:07:27.203405Z,h1,dataplane,tcp_avg_ms,nan,"{""ok"": false, ""avg_ms"": NaN, ""jitter_ms"": 0.0, ""success_rate_pct"": 0.0}"
2025-11-20T15:07:27.203405Z,h1,dataplane,tcp_success_pct,0.0,"{""ok"": false, ""avg_ms"": NaN, ""jitter_ms"": 0.0, ""success_rate_pct"": 0.0}"
2025-11-20T15:07:27.203405Z,h1,dataplane,udp_avg_ms,3.1015200000486707,"{""ok"": true, ""avg_ms"": 3.1015200000486707, ""jitter_ms"": 1.3071240244640971}"
2025-11-20T15:07:27.203405Z,h2,dataplane,icmp_avg_ms,0.043000000000000003,"{""ok"": true, ""avg_ms"": 0.043000000000000003, ""jitter_ms"": 0.02772483844257107, ""loss_pct"": 0.0, ""samples"": [0.082, 0.027, 0.02], ""error"": """"}"
2025-11-20T15:07:27.203405Z,h2,dataplane,icmp_loss_pct,0.0,"{""ok"": true, ""avg_ms"": 0.043000000000000003, ""jitter_ms"": 0.02772483844257107, ""loss_pct"": 0.0, ""samples"": [0.082, 0.027, 0.02], ""error"": """"}"
2025-11-20T15:07:27.203405Z,h2,dataplane,tcp_avg_ms,nan,"{""ok"": false, ""avg_ms"": NaN, ""jitter_ms"": 0.0, ""success_rate_pct"": 0.0}"
2025-11-20T15:07:27.203405Z,h2,dataplane,tcp_success_pct,0.0,"{""ok"": false, ""avg_ms"": NaN, ""jitter_ms"": 0.0, ""success_rate_pct"": 0.0}"
2025-11-20T15:07:27.203405Z,h2,dataplane,udp_avg_ms,2.5534156666253693,"{""ok"": true, ""avg_ms"": 2.5534156666253693, ""jitter_ms"": 1.1743572373822297}"
2025-11-20T15:07:27.203405Z,c1,control,controller_data,1,"{""error"": ""aiohttp missing: No module named 'aiohttp'""}"
2025-11-20T15:07:27.203405Z,h1->h2,dataplane,throughput_error,,"{""error"": ""iperf3 module missing""}"
2025-11-20T15:07:34.275757Z,s1,dataplane,icmp_avg_ms,0.027333333333333334,"{""ok"": true, ""avg_ms"": 0.027333333333333334, ""jitter_ms"": 0.0020548046676563242, ""loss_pct"": 0.0, ""samples"": [0.03, 0.025, 0.027], ""error"": """"}"
2025-11-20T15:07:34.275757Z,s1,dataplane,icmp_loss_pct,0.0,"{""ok"": true, ""avg_ms"": 0.027333333333333334, ""jitter_ms"": 0.0020548046676563242, ""loss_pct"": 0.0, ""samples"": [0.03, 0.025, 0.027], ""error"": """"}"
2025-11-20T15:07:34.275757Z,s1,dataplane,tcp_avg_ms,nan,"{""ok"": false, ""avg_ms"": NaN, ""jitter_ms"": 0.0, ""success_rate_pct"": 0.0}"
2025-11-20T15:07:34.275757Z,s1,dataplane,tcp_success_pct,0.0,"{""ok"": false, ""avg_ms"": NaN, ""jitter_ms"": 0.0, ""success_rate_pct"": 0.0}"
2025-11-20T15:07:34.275757Z,s1,dataplane,udp_avg_ms,5.453702666727622,"{""ok"": true, ""avg_ms"": 5.453702666727622, ""jitter_ms"": 4.768181421042027}"
2025-11-20T15:07:34.275757Z,c1,dataplane,icmp_avg_ms,0.034,"{""ok"": true, ""avg_ms"": 0.034, ""jitter_ms"": 0.016990193249832877, ""loss_pct"": 0.0, ""samples"": [0.045, 0.01, 0.047], ""error"": """"}"
2025-11-20T15:07:34.275757Z,c1,dataplane,icmp_loss_pct,0.0,"{""ok"": true, ""avg_ms"": 0.034, ""jitter_ms"": 0.016990193249832877, ""loss_pct"": 0.0, ""samples"": [0.045, 0.01, 0.047], ""error"": """"}"
2025-11-20T15:07:34.275757Z,c1,dataplane,tcp_avg_ms,nan,"{""ok"": false, ""avg_ms"": NaN, ""jitter_ms"": 0.0, ""success_rate_pct"": 0.0}"
2025-11-20T15:07:34.275757Z,c1,dataplane,tcp_success_pct,0.0,"{""ok"": false, ""avg_ms"": NaN, ""jitter_ms"": 0.0, ""success_rate_pct"": 0.0}"
2025-11-20T15:07:34.275757Z,c1,dataplane,udp_avg_ms,4.284453333184501,"{""ok"": true, ""avg_ms"": 4.284453333184501, ""jitter_ms"": 3.525448194674144}"
2025-11-20T15:07:34.275757Z,h1,dataplane,icmp_avg_ms,0.044000000000000004,"{""ok"": true, ""avg_ms"": 0.044000000000000004, ""jitter_ms"": 0.007118052168020874, ""loss_pct"": 0.0, ""samples"": [0.05, 0.034, 0.048], ""error"": """"}"
2025-11-20T15:07:34.275757Z,h1,dataplane,icmp_loss_pct,0.0,"{""ok"": true, ""avg_ms"": 0.044000000000000004, ""jitter_ms"": 0.007118052168020874, ""loss_pct"": 0.0, ""samples"": [0.05, 0.034, 0.048], ""error"": """"}"
2025-11-20T15:07:34.275757Z,h1,dataplane,tcp_avg_ms,nan,"{""ok"": false, ""avg_ms"": NaN, ""jitter_ms"": 0.0, ""success_rate_pct"": 0.0}"
2025-11-20T15:07:34.275757Z,h1,dataplane,tcp_success_pct,0.0,"{""ok"": false, ""avg_ms"": NaN, ""jitter_ms"": 0.0, ""success_rate_pct"": 0.0}"
2025-11-20T15:07:34.275757Z,h1,dataplane,udp_avg_ms,3.52428266660354,"{""ok"": true, ""avg_ms"": 3.52428266660354, ""jitter_ms"": 2.280751705799393}"
2025-11-20T15:07:34.275757Z,h2,dataplane,icmp_avg_ms,0.042666666666666665,"{""ok"": true, ""avg_ms"": 0.042666666666666665, ""jitter_ms"": 0.006182412330330469, ""loss_pct"": 0.0, ""samples"": [0.048, 0.046, 0.034], ""error"": """"}"
2025-11-20T15:07:34.275757Z,h2,dataplane,icmp_loss_pct,0.0,"{""ok"": true, ""avg_ms"": 0.042666666666666665, ""jitter_ms"": 0.006182412330330469, ""loss_pct"": 0.0, ""samples"": [0.048, 0.046, 0.034], ""error"": """"}"
2025-11-20T15:07:34.275757Z,h2,dataplane,tcp_avg_ms,nan,"{""ok"": false, ""avg_ms"": NaN, ""jitter_ms"": 0.0, ""success_rate_pct"": 0.0}"
2025-11-20T15:07:34.275757Z,h2,dataplane,tcp_success_pct,0.0,"{""ok"": false, ""avg_ms"": NaN, ""jitter_ms"": 0.0, ""success_rate_pct"": 0.0}"
2025-11-20T15:07:34.275757Z,h2,dataplane,udp_avg_ms,2.4051229999410375,"{""ok"": true, ""avg_ms"": 2.4051229999410375, ""jitter_ms"": 1.0343400628787511}"
2025-11-20T15:07:34.275757Z,c1,control,controller_data,1,"{""error"": ""aiohttp missing: No module named 'aiohttp'""}"
2025-11-20T15:07:34.275757Z,h1->h2,dataplane,throughput_error,,"{""error"": ""iperf3 module missing""}"
2025-11-20T15:07:41.385246Z,s1,dataplane,icmp_avg_ms,0.04766666666666666,"{""ok"": true, ""avg_ms"": 0.04766666666666666, ""jitter_ms"": 0.023795424396766327, ""loss_pct"": 0.0, ""samples"": [0.071, 0.015, 0.057], ""error"": """"}"
2025-11-20T15:07:41.385246Z,s1,dataplane,icmp_loss_pct,0.0,"{""ok"": true, ""avg_ms"": 0.04766666666666666, ""jitter_ms"": 0.023795424396766327, ""loss_pct"": 0.0, ""samples"": [0.071, 0.015, 0.057], ""error"": """"}"
2025-11-20T15:07:41.385246Z,s1,dataplane,tcp_avg_ms,nan,"{""ok"": false, ""avg_ms"": NaN, ""jitter_ms"": 0.0, ""success_rate_pct"": 0.0}"
2025-11-20T15:07:41.385246Z,s1,dataplane,tcp_success_pct,0.0,"{""ok"": false, ""avg_ms"": NaN, ""jitter_ms"": 0.0, ""success_rate_pct"": 0.0}"
2025-11-20T15:07:41.385246Z,s1,dataplane,udp_avg_ms,4.38093299984151,"{""ok"": true, ""avg_ms"": 4.38093299984151, ""jitter_ms"": 3.024160390066665}"
2025-11-20T15:07:41.385246Z,c1,dataplane,icmp_avg_ms,0.03266666666666667,"{""ok"": true, ""avg_ms"": 0.03266666666666667, ""jitter_ms"": 0.0016996731711975965, ""loss_pct"": 0.0, ""samples"": [0.035, 0.032, 0.031], ""error"": """"}"
2025-11-20T15:07:41.385246Z,c1,dataplane,icmp_loss_pct,0.0,"{""ok"": true, ""avg_ms"": 0.03266666666666667, ""jitter_ms"": 0.0016996731711975965, ""loss_pct"": 0.0, ""samples"": [0.035, 0.032, 0.031], ""error"": """"}"
2025-11-20T15:07:41.385246Z,c1,dataplane,tcp_avg_ms,nan,"{""ok"": false, ""avg_ms"": NaN, ""jitter_ms"": 0.0, ""success_rate_pct"": 0.0}"
2025-11-20T15:07:41.385246Z,c1,dataplane,tcp_success_pct,0.0,"{""ok"": false, ""avg_ms"": NaN, ""jitter_ms"": 0.0, ""success_rate_pct"": 0.0}"
2025-11-20T15:07:41.385246Z,c1,dataplane,udp_avg_ms,3.1039183331813547,"{""ok"": true, ""avg_ms"": 3.1039183331813547, ""jitter_ms"": 1.368050742326781}"
2025-11-20T15:07:41.385246Z,h1,dataplane,icmp_avg_ms,0.07133333333333333,"{""ok"": true, ""avg_ms"": 0.07133333333333333, ""jitter_ms"": 0.06014057606050086, ""loss_pct"": 0.0, ""samples"": [0.156, 0.036, 0.022], ""error"": """"}"
2025-11-20T15:07:41.385246Z,h1,dataplane,icmp_loss_pct,0.0,"{""ok"": true, ""avg_ms"": 0.07133333333333333, ""jitter_ms"": 0.06014057606050086, ""loss_pct"": 0.0, ""samples"": [0.156, 0.036, 0.022], ""error"": """"}"
2025-11-20T15:07:41.385246Z,h1,dataplane,tcp_avg_ms,nan,"{""ok"": false, ""avg_ms"": NaN, ""jitter_ms"": 0.0, ""success_rate_pct"": 0.0}"
2025-11-20T15:07:41.385246Z,h1,dataplane,tcp_success_pct,0.0,"{""ok"": false, ""avg_ms"": NaN, ""jitter_ms"": 0.0, ""success_rate_pct"": 0.0}"
2025-11-20T15:07:41.385246Z,h1,dataplane,udp_avg_ms,2.4498049998934825,"{""ok"": true, ""avg_ms"": 2.4498049998934825, ""jitter_ms"": 0.28527223774296256}"
2025-11-20T15:07:41.385246Z,h2,dataplane,icmp_avg_ms,0.09966666666666667,"{""ok"": true, ""avg_ms"": 0.09966666666666667, ""jitter_ms"": 0.09226893060806306, ""loss_pct"": 0.0, ""samples"": [0.029, 0.04, 0.23], ""error"": """"}"
2025-11-20T15:07:41.385246Z,h2,dataplane,icmp_loss_pct,0.0,"{""ok"": true, ""avg_ms"": 0.09966666666666667, ""jitter_ms"": 0.09226893060806306, ""loss_pct"": 0.0, ""samples"": [0.029, 0.04, 0.23], ""error"": """"}"
2025-11-20T15:07:41.385246Z,h2,dataplane,tcp_avg_ms,nan,"{""ok"": false, ""avg_ms"": NaN, ""jitter_ms"": 0.0, ""success_rate_pct"": 0.0}"
2025-11-20T15:07:41.385246Z,h2,dataplane,tcp_success_pct,0.0,"{""ok"": false, ""avg_ms"": NaN, ""jitter_ms"": 0.0, ""success_rate_pct"": 0.0}"
2025-11-20T15:07:41.385246Z,h2,dataplane,udp_avg_ms,2.5146269999822835,"{""ok"": true, ""avg_ms"": 2.5146269999822835, ""jitter_ms"": 1.8596503280927994}"
2025-11-20T15:07:41.385246Z,c1,control,controller_data,1,"{""error"": ""aiohttp missing: No module named 'aiohttp'""}"
2025-11-20T15:07:41.385246Z,h1->h2,dataplane,throughput_error,,"{""error"": ""iperf3 module missing""}"
2025-11-20T15:07:48.479758Z,s1,dataplane,icmp_avg_ms,0.13233333333333333,"{""ok"": true, ""avg_ms"": 0.13233333333333333, ""jitter_ms"": 0.1341996853780051, ""loss_pct"": 0.0, ""samples"": [0.32, 0.014, 0.063], ""error"": """"}"
2025-11-20T15:07:48.479758Z,s1,dataplane,icmp_loss_pct,0.0,"{""ok"": true, ""avg_ms"": 0.13233333333333333, ""jitter_ms"": 0.1341996853780051, ""loss_pct"": 0.0, ""samples"": [0.32, 0.014, 0.063], ""error"": """"}"
2025-11-20T15:07:48.479758Z,s1,dataplane,tcp_avg_ms,nan,"{""ok"": false, ""avg_ms"": NaN, ""jitter_ms"": 0.0, ""success_rate_pct"": 0.0}"
2025-11-20T15:07:48.479758Z,s1,dataplane,tcp_success_pct,0.0,"{""ok"": false, ""avg_ms"": NaN, ""jitter_ms"": 0.0, ""success_rate_pct"": 0.0}"
2025-11-20T15:07:48.479758Z,s1,dataplane,udp_avg_ms,4.2652339999828355,"{""ok"": true, ""avg_ms"": 4.2652339999828355, ""jitter_ms"": 1.9402275032306389}"
2025-11-20T15:07:48.479758Z,c1,dataplane,icmp_avg_ms,0.022,"{""ok"": true, ""avg_ms"": 0.022, ""jitter_ms"": 0.0008164965809277253, ""loss_pct"": 0.0, ""samples"": [0.021, 0.023, 0.022], ""error"": """"}"
2025-11-20T15:07:48.479758Z,c1,dataplane,icmp_loss_pct,0.0,"{""ok"": true, ""avg_ms"": 0.022, ""jitter_ms"": 0.0008164965809277253, ""loss_pct"": 0.0, ""samples"": [0.021, 0.023, 0.022], ""error"": """"}"
2025-11-20T15:07:48.479758Z,c1,dataplane,tcp_avg_ms,nan,"{""ok"": false, ""avg_ms"": NaN, ""jitter_ms"": 0.0, ""success_rate_pct"": 0.0}"
2025-11-20T15:07:48.479758Z,c1,dataplane,tcp_success_pct,0.0,"{""ok"": false, ""avg_ms"": NaN, ""jitter_ms"": 0.0, ""success_rate_pct"": 0.0}"
2025-11-20T15:07:48.479758Z,c1,dataplane,udp_avg_ms,4.993316999843955,"{""ok"": true, ""avg_ms"": 4.993316999843955, ""jitter_ms"": 1.3857720442170864}"
2025-11-20T15:07:48.479758Z,h1,dataplane,icmp_avg_ms,0.043666666666666666,"{""ok"": true, ""avg_ms"": 0.043666666666666666, ""jitter_ms"": 0.021452790546272114, ""loss_pct"": 0.0, ""samples"": [0.029, 0.028, 0.074], ""error"": """"}"
2025-11-20T15:07:48.479758Z,h1,dataplane,icmp_loss_pct,0.0,"{""ok"": true, ""avg_ms"": 0.043666666666666666, ""jitter_ms"": 0.021452790546272114, ""loss_pct"": 0.0, ""samples"": [0.029, 0.028, 0.074], ""error"": """"}"
2025-11-20T15:07:48.479758Z,h1,dataplane,tcp_avg_ms,nan,"{""ok"": false, ""avg_ms"": NaN, ""jitter_ms"": 0.0, ""success_rate_pct"": 0.0}"
2025-11-20T15:07:48.479758Z,h1,dataplane,tcp_success_pct,0.0,"{""ok"": false, ""avg_ms"": NaN, ""jitter_ms"": 0.0, ""success_rate_pct"": 0.0}"
2025-11-20T15:07:48.479758Z,h1,dataplane,udp_avg_ms,3.6501623332393742,"{""ok"": true, ""avg_ms"": 3.6501623332393742, ""jitter_ms"": 1.3617096168727922}"
2025-11-20T15:07:48.479758Z,h2,dataplane,icmp_avg_ms,0.038,"{""ok"": true, ""avg_ms"": 0.038, ""jitter_ms"": 0.009797958971132713, ""loss_pct"": 0.0, ""samples"": [0.026, 0.05, 0.038], ""error"": """"}"
2025-11-20T15:07:48.479758Z,h2,dataplane,icmp_loss_pct,0.0,"{""ok"": true, ""avg_ms"": 0.038, ""jitter_ms"": 0.009797958971132713, ""loss_pct"": 0.0, ""samples"": [0.026, 0.05, 0.038], ""error"": """"}"
2025-11-20T15:07:48.479758Z,h2,dataplane,tcp_avg_ms,nan,"{""ok"": false, ""avg_ms"": NaN, ""jitter_ms"": 0.0, ""success_rate_pct"": 0.0}"
2025-11-20T15:07:48.479758Z,h2,dataplane,tcp_success_pct,0.0,"{""ok"": false, ""avg_ms"": NaN, ""jitter_ms"": 0.0, ""success_rate_pct"": 0.0}"
2025-11-20T15:07:48.479758Z,h2,dataplane,udp_avg_ms,3.7855269999151155,"{""ok"": true, ""avg_ms"": 3.7855269999151155, ""jitter_ms"": 3.5402617522989526}"
2025-11-20T15:07:48.479758Z,c1,control,controller_data,1,"{""error"": ""aiohttp missing: No module named 'aiohttp'""}"
2025-11-20T15:07:48.479758Z,h1->h2,dataplane,throughput_error,,"{""error"": ""iperf3 module missing""}"
